Timestamp,Reason,User_Query,Bot_Response
2025-11-23 21:25:48,User Feedback (Thumbs Down),What is the capital of Mars?,"I apologize, but I do not have information about the capital of Mars in my knowledge base. My purpose is to answer questions about change management based on the provided context."
2025-11-24 21:17:01,User Feedback (Thumbs Down),america is in india?,"I apologize, but I do not have information about the geographical location of America or India in the provided context."
2025-11-25 00:06:06,User Feedback (Thumbs Down),Test Question 2,"I apologize, but I don't have information about ""Test Question 2Test Question 2"" in the context provided. My knowledge base is limited to change management topics."
2025-11-25 23:17:41,User Feedback (Thumbs Down),hi,Hello! How can I assist you today with change management?
2025-11-30 00:00:56,User Feedback (Thumbs Down),what is a data?,"I apologize, but the provided context does not contain a definition for ""data."" It outlines policies and procedures related to data protection, access, and handling."
2025-11-30 14:47:27,User Feedback (Thumbs Down),Hi,Hello! How can I assist you today?
2025-12-01 16:15:49,User Feedback (Thumbs Down),Clone CHG0030521,"âœ… **Smart Clone Successful!**

I have created a new Change Request **CHG0030557** based on CHG0030521.

*   **Scheduled**: 2025-12-01 09:00:00 to 2025-12-02 17:00:00
*   **Assigned To**: Unassigned
* "
2025-12-01 16:24:24,User Feedback (Thumbs Down),show me the risk chart,"<div class=""changes-container"">
        <div style=""display: flex; justify-content: space-between; align_items: center; margin-bottom: 10px;"">
            <h3 style=""margin: 0;"">ðŸ“… Scheduled Changes fo"
