template_number,Name,Application,Active,Short_description,CR_Short_description,CR_Description,Implementation_plan,Backout_plan,Test_plan
ABC00001,Database Patch Deployment,Core Banking DB,true,Apply monthly DB security patches,Database patching for core DB server,"Monthly database patching to fix vulnerabilities.","1. Notify stakeholders\n2. Stop DB services\n3. Apply patches\n4. Validate health\n5. Start services","Revert to previous DB snapshot; restore backup.","Run DB health checks; query validation; transaction lifecycle testing."
ABC00002,Firewall Rule Optimization,Firewall Appliance,true,Optimize firewall rules for traffic efficiency,Firewall rule update to improve performance,"Review and optimize existing firewall ACLs.","1. Export current rules\n2. Update rule-set\n3. Apply changes in staging\n4. Push to production","Rollback to previous ACL backup.","Validate inbound/outbound traffic and application connectivity."
ABC00003,Load Balancer Health Check Update,F5 Load Balancer,true,Enhance LB health monitor configuration,Update LB monitors for better failover,"Modify LB health checks to ensure reliability.","1. Edit monitor thresholds\n2. Apply config\n3. Validate nodes","Restore previous health monitor configuration.","Simulate node failure and validate distribution."
ABC00004,API Gateway Rate Limit Update,API Gateway,true,Adjust API rate limits,Update API throttling configurations,"Modify API throttle settings.","1. Update config\n2. Redeploy gateway\n3. Verify logs","Revert to prior rate-limit config.","Test API concurrency and response time."
ABC00005,Core Banking App Deployment,Finacle,true,Deploy new application build,Release new application build for core banking,"Deploy updated application package.","1. Build deployment\n2. Run upgrade scripts\n3. Validate logs","Rollback to previous build version.","Perform end-to-end transaction validation."
ABC00006,SSL Certificate Renewal,Web Server,true,Renew expiring SSL certificates,Replace SSL certificates before expiration,"SSL/TLS certificate renewal for production services.","1. Generate CSR\n2. Install cert\n3. Restart services","Reinstall old certificate.","Browser handshake and SSL validation tests."
ABC00007,Windows Server OS Update,Windows Server,true,Apply OS patches for security,Deploy monthly Windows OS patches,"Apply OS updates to production servers.","1. Download patches\n2. Install updates\n3. Reboot server","Uninstall patches or restore snapshot.","Check service startup and system logs."
ABC00008,Email Spam Filter Enhancement,Email Gateway,true,Update spam/phishing filters,Enhance email security by updating filter rules,"Apply advanced spam filter rules.","1. Backup rules\n2. Update filters\n3. Deploy changes","Restore previous filter config.","Send test emails and validate filtering."
ABC00009,Switch Configuration Backup,Network Switch,true,Backup switch configs,Backup switch configuration regularly,"Perform configuration backup.","1. Export configs\n2. Upload to secure vault","Use last known config backup.","Verify config integrity and connectivity."
ABC00010,Monitoring Agent Upgrade,Monitoring System,true,Upgrade system monitoring agents,Install new monitoring agent version,"Improve system observability.","1. Stop agent\n2. Install update\n3. Restart agent","Reinstall previous version.","Check dashboard metrics and logs."
ABC00011,VPN Policy Update,VPN Gateway,true,Update VPN access settings,Modify VPN ACLs based on HR updates,"Apply VPN policy changes.","1. Backup config\n2. Apply policy\n3. Validate access","Rollback to old policy.","User connectivity tests."
ABC00012,Backup Retention Policy Change,Backup Server,true,Adjust backup retention schedule,Modify backup retention duration,"Update retention policy.","1. Edit retention rule\n2. Apply config","Restore old retention policy.","Backup/restore testing."
ABC00013,Proxy Configuration Update,Web Proxy,true,Update web proxy routing rules,Modify proxy rules for URL filtering,"Apply routing rule modifications.","1. Backup settings\n2. Update rules","Restore previous settings.","Validate URL access and logs."
ABC00014,Kubernetes Pod Scaling,Kubernetes Cluster,true,Increase pod count for load,Scale application pods,"Modify deployment replicas.","1. Update replica count\n2. Apply YAML","Revert replica count.","Load testing and pod readiness checks."
ABC00015,Oracle DB Index Rebuild,Oracle DB,true,Rebuild fragmented indexes,Improve DB performance by index rebuild,"Perform index maintenance.","1. Identify index\n2. Rebuild index","Restore from backup.","Query performance testing."
ABC00016,Service Restart Automation,Scheduler,true,Automate service restart jobs,Add service restart cron jobs,"Add scheduled restart task.","1. Script development\n2. Deploy job","Remove cron job.","Validate service stability."
ABC00017,Log Rotation Policy Update,Log Server,true,Modify log rotation frequency,Adjust log rotation for disk usage,"Update logrotate settings.","1. Backup config\n2. Modify rotation","Restore previous config.","Validate log creation and rotation."
ABC00018,Cloud Instance Sizing Update,AWS,true,Resize cloud compute instances,Scale up instance type,"Resize EC2 instance.","1. Stop instance\n2. Change instance type\n3. Start instance","Revert to old instance type.","Stress test CPU/memory load."
ABC00019,SFTP Key Rotation,SFTP Server,true,Rotate SSH/SFTP keys,Strengthen secure access,"Update SSH keypairs.","1. Add new key\n2. Validate login\n3. Remove old key","Restore old key.","Verify SFTP upload/download."
ABC00020,LDAP Group Cleanup,Identity Server,true,Remove inactive LDAP groups,Perform LDAP cleanup,"Delete unused groups.","1. Export group list\n2. Remove groups","Recreate groups from backup.","Authentication tests."
ABC00021,Redis Cache Flush,Redis,true,Clear stale cache data,Flush cache to resolve latency,"Flush Redis cache.","1. Backup cache keys\n2. Flush cache","Restore backup keys.","Application response tests."
ABC00022,Network Bandwidth Policy Update,Router,true,Adjust bandwidth controls,Optimize traffic shaping policy,"Update QoS settings.","1. Backup config\n2. Modify QoS\n3. Apply changes","Restore QoS profile.","Validate throughput monitoring."
ABC00023,Job Scheduler Reconfiguration,Job Scheduler,true,Update job run frequency,Adjust cron schedules,"Modify cron jobs.","1. Edit job schedule\n2. Save+reload","Revert old schedule.","Validate job execution."
ABC00024,Disk Cleanup Activity,File Server,true,Free unused disk space,Perform server disk cleanup,"Remove temp/log files.","1. Identify files\n2. Cleanup job","Restore old files if required.","Check disk usage metrics."
ABC00025,DNS Entry Update,DNS Server,true,Add/update DNS records,Modify DNS A/CNAME entries,"Apply DNS modification.","1. Add entry\n2. Refresh DNS","Remove new entries.","Ping, nslookup tests."
ABC00026,App Config File Update,Application Server,true,Update application config,Modify environment configs,"Apply config changes.","1. Backup config\n2. Deploy new config","Restore backup file.","Restart & functional validation."
ABC00027,Nginx Reverse Proxy Tune,Nginx,true,Optimize reverse proxy settings,Update Nginx configs,"Tune Nginx settings.","1. Backup conf\n2. Apply tuning","Revert conf.","Validate reverse proxy routing."
ABC00028,Service Account Password Reset,Identity Management,true,Reset system password,Rotate service account passwords,"Update password in configs.","1. Reset password\n2. Update apps","Rollback using old password.","Authentication validation."
ABC00029,RabbitMQ Queue Cleanup,RabbitMQ,true,Purge unused queues,Improve messaging performance,"Delete unused queues.","1. Identify queues\n2. Purge unused","Restore queues.","Publish/subscribe test."
ABC00030,Disk IOPS Upgrade,Storage,true,Increase disk IOPS,Upgrade storage performance,"Modify IOPS settings.","1. Change IOPS tier","Revert to old tier.","IOPS benchmark tests."
ABC00031,Cronjob Script Update,Linux,true,Update scheduled script,Enhance script logic,"Modify script.","1. Edit script\n2. Deploy\n3. Schedule","Restore backup script.","Validate script output."
ABC00032,Postgres Vacuum Operation,Postgres,true,Run vacuum analyze,Improve DB performance,"Perform vacuum.","1. Execute vacuum\n2. Monitor","Restore DB snapshot.","Query execution tests."
ABC00033,WebServer Timeout Adjustment,Apache,true,Update timeout values,Increase timeout thresholds,"Modify timeout configs.","1. Backup conf\n2. Edit\n3. Reload","Revert config.","Connection timeout verification."
ABC00034,Azure AD Sync Update,Azure,true,Update AD sync rules,Modify user sync mappings,"Update Azure AD sync.","1. Modify rules\n2. Sync","Revert mapping.","User sync test."
ABC00035,ETL Job Enhancement,ETL Engine,true,Optimize ETL pipelines,Improve ETL efficiency,"Modify ETL logic.","1. Update pipelines\n2. Validate","Rollback to old job.","End-to-end ETL testing."
ABC00036,WAF Rule Update,WAF,true,Update security rules,Enhance web security,"Update WAF rules.","1. Backup rules\n2. Deploy new rules","Restore backup.","Run WAF rule hit tests."
ABC00037,MQ Channel Refresh,IBM MQ,true,Refresh MQ channels,Fix stale channel connections,"Refresh channels.","1. Stop channel\n2. Start","Revert config.","Publish/consume test."
ABC00038,System Parameter Tuning,System,true,Tune system parameters,Improve performance,"Update sysctl values.","1. Edit sysctl\n2. Reload","Revert sysctl.","Performance benchmark."
ABC00039,App Log Level Change,Application,true,Update log level,Increase/decrease verbosity,"Modify logging.","1. Edit log config\n2. Reload","Restore previous log level.","Check log generation."
ABC00040,Endpoint Policy Update,MDM,true,Update device policies,Strengthen endpoint security,"Apply new MDM policy.","1. Deploy policy","Revert policy.","Device compliance test."
ABC00041,S3 Bucket Policy Update,AWS,true,Modify bucket permissions,Adjust S3 access levels,"Update bucket ACL.","1. Backup ACL\n2. Modify","Restore ACL.","Test object access."
ABC00042,OS Kernel Parameter Update,Linux,true,Modify kernel settings,Change kernel tuning values,"Modify kernel params.","1. Edit /etc/sysctl\n2. Reload","Restore old params.","Kernel behavior test."
ABC00043,Git Branch Protection Update,GitHub,true,Update protection rules,Strengthen branch security,"Modify branch rules.","1. Update settings","Revert rules.","Verify commit restrictions."
ABC00044,Patch Deployment for Middleware,Middleware,true,Apply middleware patch,Apply latest middleware fixes,"Deploy middleware patch.","1. Stop service\n2. Patch\n3. Start","Rollback patch.","Middleware smoke test."
ABC00045,Kafka Topic Retention Update,Apache Kafka,true,Modify Kafka topic retention policy,Update retention period for Kafka topics,"Adjust Kafka retention settings to manage disk usage and meet compliance.","1. Identify topic\n2. Update retention.ms value\n3. Restart brokers if needed","Revert retention.ms to old setting.","Consume/produce test messages and validate topic retention behavior."
ABC00046,Container Image Upgrade,Container Registry,true,Upgrade container image used by microservices,Deploy new container image version,"Update microservice image to the new version.","1. Pull new image\n2. Update deployment\n3. Restart pods","Rollback to previous image tag.","Validate pod startup, service logs, and endpoint functionality."
ABC00047,Service Mesh Rule Update,Service Mesh,true,Update Istio/Linkerd routing rules,Modify service mesh traffic rules,"Change routing/MTLS/service mesh policies.","1. Backup existing rules\n2. Apply new config\n3. Validate cluster traffic","Revert mesh rules to previous version.","Run service routing tests and validate MTLS behavior."ABC00048,Web Application Cache Purge,CDN,true,Purge CDN/application cache,Clear outdated CDN caches,"Invalidate CDN cache for updated static content.","1. Trigger cache purge\n2. Validate purge logs","No-op rollback (cache repopulates automatically).","Load static assets and verify fresh content delivery."
ABC00049,Secrets Rotation Update,Secrets Manager,true,Rotate application secrets/keys,Enhance security through secret rotation,"Update secrets stored in key vault/secrets manager.","1. Generate new secret\n2. Update application configs\n3. Restart affected services","Reapply old secret if required.","Validate application authentication and secure access after rotation."
ABC00050,Reporting Engine Configuration Tuning,Reporting Engine,true,Optimize reporting engine settings,Improve report generation performance,"Tune configuration parameters in reporting system.","1. Modify config files\n2. Restart reporting service","Restore old tuning parameters.","Run sample reports and validate response time."
ABC00051,Microservice Config Parameter Update,Microservices,true,Update microservice config values,Modify config parameters for microservice stability,"Update key-value configs in microservice environment.","1. Backup config\n2. Apply new parameters\n3. Redeploy service","Revert config to backup.","Validate logs, API responses, and service health."
ABC00052,Distributed Cache Parameter Tuning,Redis Cluster,true,Tune Redis cluster parameters,Tune Redis settings for performance,"Modify Redis cluster parameters.","1. Edit redis.conf\n2. Reload Redis\n3. Monitor latency","Revert to old redis.conf.","Run cache read/write performance tests."
ABC00053,MQ Dead Letter Queue Cleanup,Message Queue,true,Clear DLQ messages,Resolve stuck DLQ messages,"Purge DLQ queue to restore flow.","1. Backup DLQ\n2. Purge messages\n3. Restart consumers","Re-import DLQ messages.","Publish/consume validation."
ABC00054,Application Session Timeout Update,Web Application,true,Modify session timeout,Update session timeout configuration,"Edit session timeout in application settings.","1. Update timeout\n2. Deploy build","Revert timeout value.","Validate user login/session expiry."
ABC00055,Cloud Storage Lifecycle Policy Update,Cloud Storage,true,Update lifecycle policy,Enhance storage lifecycle rules,"Modify lifecycle policy for cloud storage.","1. Update policy JSON\n2. Apply\n3. Validate logs","Revert to previous policy.","Upload/download test with retention rules."
ABC00056,NTP Configuration Correction,System,true,Correct NTP sync settings,Fix incorrect NTP server entries,"Update NTP configuration.","1. Modify ntp.conf\n2. Restart NTP","Restore old config.","Check clock skew and drift."
ABC00057,HA Proxy Routing Rule Adjustment,HAProxy,true,Modify routing rules,Update HAProxy routing map,"Adjust routing logic.","1. Edit haproxy.cfg\n2. Reload service","Restore previous cfg.","Test route distribution."
ABC00058,Windows GPO Policy Update,Windows AD,true,Update AD GPO settings,Modify GPO rules,"Apply revised GPO settings.","1. Modify GPO\n2. Push update","Restore old GPO.","Validate domain policy enforcement."
ABC00059,Container Memory Limit Adjustment,Docker,true,Increase container memory limits,Modify container memory resources,"Update memory limits in compose/deployment.","1. Change memory settings\n2. Restart container","Revert memory values.","Stress test memory usage."
ABC00060,ETL Connector Driver Upgrade,ETL,true,Upgrade ETL DB driver,Apply new driver for ETL jobs,"Replace DB connectors.","1. Stop ETL\n2. Install driver\n3. Start jobs","Reinstall old driver.","Run sample ETL extraction tests."
ABC00061,App Feature Flag Toggle,Feature Management,true,Toggle feature flag,Enable/disable application feature,"Modify feature flag.","1. Update flag in dashboard","Revert toggle.","Validate feature behavior visually."
ABC00062,Proxy PAC File Update,Proxy Server,true,Update PAC file,Modify proxy auto-config rules,"Edit PAC script.","1. Modify PAC\n2. Publish\n3. Validate","Restore old PAC.","Browser validation tests."
ABC00063,VM Disk Expansion,VMware,true,Expand VM disk,Increase virtual disk capacity,"Modify VM disk size.","1. Resize disk\n2. Expand partition","Shrink disk (if supported) or restore snapshot.","Check disk space availability."
ABC00064,CI/CD Pipeline Variable Update,CI/CD,true,Update pipeline variables,Modify CI/CD environment variables,"Change pipeline config.","1. Edit variables\n2. Trigger pipeline","Revert variables.","Run build/test pipeline."
ABC00065,Backend Service Timeout Change,Backend Service,true,Modify API timeout,Increase API timeout thresholds,"Modify timeout config.","1. Edit config\n2. Redeploy","Restore config.","API latency tests."
ABC00066,File Share Permission Update,File Server,true,Update directory permissions,Modify folder access rules,"Apply ACL changes.","1. Backup ACL\n2. Apply new ACL","Restore ACL.","Test access from sample users."
ABC00067,Core Switch VLAN Update,Network Switch,true,Add/update VLAN entries,Modify VLAN configuration,"Add/modify VLAN rules.","1. Add VLAN\n2. Apply changes","Remove VLAN.","Ping/VLAN connectivity tests."
ABC00068,Syslog Forwarding Rule Update,Syslog Server,true,Modify syslog forwarding,Update log forwarding targets,"Add/update syslog rule.","1. Modify rsyslog.conf\n2. Restart syslog","Restore previous config.","Validate log forwarding."
ABC00069,SMTP Relay Configuration Update,Mail Server,true,Update SMTP settings,Modify SMTP relay rules,"Change relay hosts.","1. Edit relay config\n2. Restart mail service","Revert settings.","Send test emails."
ABC00070,Autoscaling Threshold Update,Cloud Autoscaling,true,Update autoscale thresholds,Modify CPU/memory triggers,"Update scaling policy.","1. Modify thresholds\n2. Apply policy","Revert policy.","Load test scaling behavior."
ABC00071,Content Delivery Rule Update,CDN,true,Update CDN rules,Modify CDN routing rules,"Apply CDN configuration.","1. Edit rule\n2. Push update","Rollback rule.","Test content delivery paths."
ABC00072,DB Connection Pool Size Update,App Server,true,Increase DB pool size,Modify connection pool config,"Update datasource settings.","1. Edit config\n2. Restart app","Restore pool size.","Load testing."
ABC00073,Index Fragmentation Check,SQL Server,true,Check & fix fragmentation,Run index fragmentation maintenance,"Execute index maintenance.","1. Identify indexes\n2. Rebuild/reorganize","Restore backup.","Check index fragmentation report."
ABC00074,Vulnerability Scanner Update,Security Scanner,true,Update scanner signatures,Apply latest vulnerability signatures,"Update signatures.","1. Fetch updates\n2. Apply\n3. Scan","Revert signature patch.","Run scan validation."
ABC00075,Data Archival Job Update,Archival Engine,true,Modify archival thresholds,Adjust archival durations,"Edit archival config.","1. Change retention\n2. Deploy","Restore previous config.","Test archival/retrieval."
ABC00076,Backup Compression Enablement,Backup Engine,true,Enable backup compression,Turn on compression for backups,"Enable backup compression.","1. Modify config\n2. Test backup","Disable compression.","Validate backup size/time."
ABC00077,Cloud IAM Role Update,Cloud IAM,true,Update IAM policies,Modify IAM permissions,"Apply policy update.","1. Backup IAM policy\n2. Apply change","Restore old policy.","Permission validation."
ABC00078,Network Route Table Update,Router,true,Modify routing table,Update route entries,"Change network routes.","1. Add/modify routes\n2. Apply","Delete added routes.","Ping/trace-route tests."
ABC00079,Kafka Broker Config Tune,Apache Kafka,true,Tune Kafka brokers,Modify Kafka broker settings,"Apply performance tuning.","1. Edit server.properties\n2. Restart brokers","Restore old file.","Producer/consumer tests."
ABC00080,Tomcat JVM Parameter Update,Tomcat,true,Update JVM params,Modify memory/GC settings,"Update JVM options.","1. Modify setenv.sh\n2. Restart Tomcat","Restore JVM params.","Test heap, GC logs."
ABC00081,API Token Rotation,API Gateway,true,Rotate API tokens,Enhance API security,"Generate new API tokens.","1. Create token\n2. Update services\n3. Validate","Switch to old token.","API authentication tests."
ABC00082,Data Pipeline Retry Logic Update,Data Pipeline,true,Update retry logic,Modify failure retry settings,"Change retry config.","1. Update YAML\n2. Deploy","Rollback config.","Run pipeline with controlled failures."
ABC00083,Print Server Queue Cleanup,Print Server,true,Clear print queue,Fix stuck print jobs,"Purge print queue.","1. Stop spooler\n2. Clear queue\n3. Start","Restore backup files.","Test print job cycle."
ABC00084,Azure Function Timeout Update,Azure Functions,true,Update function timeout,Increase processing timeout,"Modify host.json.","1. Edit timeout\n2. Redeploy","Revert timeout.","Trigger function and validate behavior."
ABC00085,ElasticSearch Replica Count Update,ElasticSearch,true,Modify replica count,Improve ES redundancy,"Update index settings.","1. Apply PUT _settings\n2. Validate","Restore replicas.","Index health tests."
ABC00086,Service Dependency Mapping Update,CMDB,true,Update CMDB services,Enhance service dependency graphs,"Update CI relations.","1. Edit CI links\n2. Save","Revert relations.","Run CMDB impact analysis."
ABC00087,Session Cookie Policy Update,Web App,true,Update cookie policies,Modify cookie flags for security,"Edit cookie settings.","1. Change SameSite/secure\n2. Deploy","Revert cookie flags.","Validate cookie behavior."
ABC00088,Nexus Repository Cleanup,Nexus,true,Remove old artifacts,Reduce storage usage,"Delete unused artifacts.","1. Identify artifacts\n2. Delete","Restore from backup.","Artifact fetch tests."
ABC00089,DB Maintenance Job Update,Database,true,Modify DB maintenance jobs,Optimize maintenance job schedule,"Modify DB job schedule.","1. Edit job\n2. Test run","Restore job.","Check DB performance."
ABC00090,Pod Resource Quota Update,Kubernetes,true,Update resource quotas,Modify namespace quotas,"Change quota settings.","1. Update YAML\n2. Apply","Rollback YAML.","Deploy sample pods to test quota."
ABC00091,Zabbix Template Update,Monitoring,true,Update monitoring templates,Apply new monitoring templates,"Import new template.","1. Import XML\n2. Link hosts","Rollback to old template.","Validate triggers."
ABC00092,App Feature Deployment via Toggle,Feature Flags,true,Activate new feature,Enable new functionality,"Toggle feature deployment.","1. Enable toggle\n2. Monitor logs","Disable toggle.","Validate feature usage."
ABC00093,DB Audit Logging Enablement,Database,true,Enable DB auditing,Turn on audit logs,"Modify audit configs.","1. Enable audit log\n2. Restart","Revert config.","Validate audit log entries."
ABC00094,SMTP TLS Mode Update,Mail Server,true,Enable TLS enforcement,Force TLS for mail,"Update TLS settings.","1. Modify config\n2. Restart","Revert TLS config.","Send encrypted email tests."
ABC00095,System User Cleanup,Identity,true,Remove inactive users,Cleanup unused system accounts,"Delete unused accounts.","1. Identify users\n2. Delete","Restore users.","Authentication test."
ABC00096,Static Content Cache Control Update,Web Server,true,Modify cache headers,Update cache-control rules,"Modify headers.","1. Edit config\n2. Reload","Restore header rules.","Browser cache validation."
ABC00097,Kubernetes Node Drain & Upgrade,Kubernetes,true,Upgrade worker node,Perform safe node upgrade,"Drain node\nUpgrade packages\nUncordon","Rollback to earlier version.","Validate node readiness."
ABC00098,Splunk Forwarder Config Update,Splunk,true,Update UF configs,Modify Splunk forwarder settings,"Edit inputs.conf.","1. Update config\n2. Restart UF","Restore config.","Validate log ingestion."
ABC00099,REST API Version Deprecation,API,true,Deprecate old API version,Disable outdated API version,"Disable old version.","1. Update gateway\n2. Remove routes","Re-enable version.","Test API routing."
ABC00100,VM Snapshot Cleanup,VMware,true,Delete old snapshots,Clear outdated VM snapshots,"Remove snapshots.","1. Identify\n2. Delete snapshot","Restore snapshot backup.","Check VM performance."
ABC00101,Sybase Database Log Segment Expansion,Sybase,true,Expand Sybase DB log segment,Sybase log segment nearing full capacity; expansion required,"Increase Sybase log segment to prevent transaction failures.","1. Check current log usage\n2. Alter database to extend log segment\n3. Validate with DBA tools","Restore DB from last backup if expansion fails.","Run transaction tests and log usage validation."
ABC00102,Oracle Tablespace Autoextend Enablement,Oracle,true,Enable autoextend on tablespace,Enable autoextend to avoid ORA-01653 errors,"Turn on autoextend for target Oracle tablespace.","1. Identify tablespace\n2. Alter tablespace autoextend on\n3. Validate growth settings","Disable autoextend and restore original settings.","Insert sample data and validate storage growth."
ABC00103,MySQL Index Optimization Maintenance,MySQL,true,Optimize fragmented indexes,Improve MySQL performance by reorganizing indexes,"Run index optimization for high-usage tables.","1. Identify fragmented indexes\n2. Run OPTIMIZE TABLE\n3. Monitor performance","Restore backup schema if issue detected.","Query execution benchmarking."
ABC00104,PostgreSQL Extension Upgrade,PostgreSQL,true,Upgrade PostgreSQL extension,Upgrade Postgres extension like PostGIS or pgcrypto,"Perform controlled extension upgrade.","1. Check extension version\n2. Execute ALTER EXTENSION ... UPDATE\n3. Validate schema","Revert extension version from snapshot.","Run extension-specific feature tests."
ABC00105,MongoDB Replica Set Reconfiguration,MongoDB,true,Reconfigure replica set settings,Adjust MongoDB replication priorities or members,"Modify replica set config.","1. Connect to primary\n2. Apply rs.reconfig\n3. Monitor replication health","Reapply old config settings.","Validate replication lag and failover."
ABC00106,Linux Kernel Module Update,Linux,true,Update kernel modules,Apply new kernel module to fix compatibility issues,"Update Linux kernel module on production server.","1. Load new module using modprobe\n2. Update module config\n3. Reboot if necessary","Unload module and restore previous version.","Run dmesg checks and module functionality tests."
ABC00107,Windows Server DNS Cache Flush,Windows,true,Clear DNS resolver cache,Fix DNS stale entries by flushing cache,"Perform ipconfig /flushdns on Windows Server.","1. Notify affected teams\n2. Execute flushdns\n3. Validate name resolution","No rollback required.","Ping and nslookup validations."
ABC00108,AIX Filesystem Expansion,AIX,true,Expand filesystem on AIX server,Increase LV/Filesystem size due to space alert,"Extend filesystem using chfs and lvm commands.","1. Check VG/LV availability\n2. Expand filesystem\n3. Verify mount","Shrink LV or restore backup if issues occur.","Validate disk space and I/O performance."
ABC00109,Solaris SMF Service Recovery,Solaris,true,Recover failed SMF service,Fix SMF service stuck in maintenance mode,"Repair and restart SMF service.","1. Inspect service with svcs\n2. Run svcadm clear\n3. Restart service","Revert SMF changes using backup manifest.","Validate service start and logs."
ABC00110,RedHat SELinux Policy Adjustment,RedHat Linux,true,Modify SELinux rules,Update SELinux policies for application compatibility,"Apply SELinux rule modifications.","1. Create local policy module\n2. Apply with semodule\n3. Test application","Remove policy module.","Run application access and AVC log verification."
ABC00111,Oracle SQL Execution,Oracle Database,true,Execute performance tuning SQL query in Oracle DB,Controlled execution of SQL statement in Oracle environment,"Execute an Oracle SQL query for troubleshooting, validation, or tuning while minimizing production impact.","1. Connect via SQL*Plus/SQL Developer\n2. Run EXPLAIN PLAN\n3. Execute query with bind variables\n4. Validate results\n5. Capture AWR/ASH details","Rollback session settings; terminate session if locks occur; revert optimizer parameters.","Run query in lower environment; validate row count and performance; monitor AWR/ASH."
ABC00112,MySQL Query Execution,MySQL,true,Execute select/update SQL query in MySQL,Execute SQL query for data verification or maintenance,"Execute a MySQL SQL query for extraction or modification under controlled DBA procedure.","1. Login using MySQL CLI/Workbench\n2. Run EXPLAIN\n3. Execute query in transaction\n4. Commit changes\n5. Log affected rows","ROLLBACK transaction or restore using binary logs.","Run query in staging; validate row count; check table integrity."
ABC00113,PostgreSQL SQL Execution,PostgreSQL,true,Execute SQL command in PostgreSQL cluster,Perform SQL operation for correction or diagnostics,"Execute PostgreSQL SQL statement ensuring WAL and replication safety.","1. Connect with psql\n2. Enable timing\n3. Run EXPLAIN ANALYZE\n4. Execute SQL\n5. Verify via select","Rollback transaction or restore snapshot.","Validate replication status, WAL activity, and checksums."
ABC00114,SQL Server T-SQL Execution,Microsoft SQL Server,true,Execute T-SQL script in SQL Server,Execute T-SQL for data fix or analysis,"Execute SQL Server T-SQL query ensuring auditing and minimal locking.","1. Connect via SSMS\n2. Use implicit transaction\n3. Validate execution plan\n4. Commit transaction\n5. Review logs","Rollback transaction or restore differential backup.","Validate results, run DBCC CHECKTABLE, check blocking."
ABC00115,Sybase Query Execution,Sybase ASE,true,Execute SQL query in Sybase,Run SQL script safely in Sybase production,"Execute Sybase SQL query ensuring log segment usage stays below threshold.","1. Connect via isql\n2. Check log segment usage\n3. Execute SQL\n4. Validate locks\n5. Check replication","Rollback transaction or restore dump.","Validate replication lag and table integrity."
ABC00116,MongoDB Query Execution,MongoDB,true,Execute document-level query in MongoDB,Run MongoDB find/update query for fix or retrieval,"Execute MongoDB query ensuring index usage and replica-set safety.","1. Connect via mongosh\n2. Run explain()\n3. Execute query\n4. Validate document changes\n5. Monitor oplog","Revert from document backups or apply oplog revert.","Validate read/write ops; check replication; ensure shard balance."
ABC00117,Linux Command Execution,Linux Server,true,Execute controlled command on Linux server,Run Linux shell command or script safely,"Execute a Linux shell command or script in a controlled environment ensuring no service disruption.","1. SSH into server\n2. Validate command impact\n3. Run command with logging\n4. Monitor system logs\n5. Validate output","Revert file changes; stop/restart impacted services; restore from snapshot if needed.","Run test command on non-prod; validate service logs; check system stability."
ABC00118,Windows PowerShell Execution,Windows Server,true,Execute PowerShell command on Windows server,Run PowerShell script or command in Windows environment,"Execute a PowerShell command on Windows Server ensuring audit logging and controlled execution.","1. Connect via RDP/WinRM\n2. Run command in restricted mode\n3. Validate execution logs\n4. Review event viewer","Revert script changes; restore registry/files from backup.","Test PowerShell output; validate system event logs."
ABC00119,AIX Shell Command Execution,AIX Server,true,Execute command on AIX LPAR,Run AIX shell command safely,"Execute controlled AIX command using ksh ensuring minimal risk to LPAR stability.","1. SSH to AIX LPAR\n2. Validate OS health\n3. Execute command with nohup/logging\n4. Monitor errpt\n5. Confirm results","Revert configuration files; perform mksysb restoration if needed.","Run same command in test LPAR; check system logs (errpt)."
ABC00120,Solaris Command Execution,Solaris Server,true,Execute operational command in Solaris,Run Solaris command or script for maintenance,"Execute Solaris command using SMF-safe procedures ensuring no service interruption.","1. SSH to Solaris host\n2. Validate SMF service status\n3. Run command via bash/ksh\n4. Review /var/adm/messages\n5. Confirm service state","Rollback command changes; reapply old SMF configuration.","Run SMF checks; validate system message logs."
ABC00121,RedHat Linux Script Execution,RedHat Linux,true,Execute controlled script in RedHat server,Run script or operational command on RHEL,"Execute shell script/command in RedHat environment ensuring SELinux and service safety.","1. SSH to RHEL\n2. Check SELinux mode\n3. Execute script with verbose logging\n4. Validate journalctl logs\n5. Confirm system performance","Revert configuration file; roll back script changes; restore from backup.","Validate script output; check SELinux logs; perform functional testing."
ABC00122,Ubuntu Server Command Execution,Ubuntu Linux,true,Execute operational command on Ubuntu server,Run Bash command or script safely on Ubuntu,"Execute a controlled command or script on Ubuntu ensuring no service disruption.","1. SSH into Ubuntu server\n2. Validate system status\n3. Execute command with sudo privileges\n4. Monitor syslog\n5. Validate results","Revert config changes; restore affected files; restart impacted services.","Run command in test server; validate syslog entries; verify stability."
ABC00123,CentOS Server Script Execution,CentOS Server,true,Run maintenance script on CentOS,Execute Bash script for operational maintenance,"Execute a script on CentOS server ensuring minimal impact to services.","1. SSH to CentOS\n2. Review script logic\n3. Run script with logging enabled\n4. Validate output\n5. Monitor journal logs","Revert script changes; restore from backup if required.","Test script in non-prod; check service logs and system health."
ABC00124,SUSE Linux Command Execution,SUSE Linux,true,Execute controlled command on SUSE Linux,Run SUSE command for maintenance,"Execute a controlled SUSE command ensuring no system degradation.","1. SSH into SUSE server\n2. Validate OS health\n3. Execute command with elevated permissions\n4. Review /var/log/messages\n5. Confirm results","Undo configuration changes; restore backup config.","Validate command output; monitor logs; perform functionality tests."
ABC00125,HP-UX Script Execution,HP-UX,true,Run shell script on HP-UX server,Execute HP-UX script in maintenance window,"Run HP-UX shell script ensuring controlled impact on system processes.","1. Login using SSH\n2. Validate filesystem state\n3. Execute script using ksh\n4. Monitor syslog and process table\n5. Validate success","Revert updated files; restore mksysb or backup snapshot.","Execute script in test HP-UX LPAR; validate syslog entries."
ABC00126,VMware ESXi Host Command Execution,VMware ESXi,true,Run ESXi host command,Execute ESXi shell command safely,"Execute ESXi shell/maintenance mode command with proper validation.","1. Enable ESXi shell/SSH\n2. Run command\n3. Monitor hostd/vpxa logs\n4. Exit shell and disable SSH","Revert host settings; disable ESXi shell; restore previous configuration.","Validate VM operations; check ESXi logs; confirm host stability."
ABC00127,Firewall Configuration Update,Firewall,true,Update firewall ACL configuration,Controlled update of firewall ACL and security rules,"Modify firewall ACL rules to enhance network security while ensuring no outage.","1. Backup current ACL\n2. Apply updated rules\n3. Validate routing\n4. Monitor logs","Rollback using ACL backup.","Validate inbound/outbound access, rule hits."
ABC00128,Load Balancer Configuration Update,Load Balancer,true,Update load balancer config,Modify LB routing/pool configuration,"Update F5/HAProxy load balancer settings for traffic improvement.","1. Export config\n2. Apply updated pool/node config\n3. Validate traffic flow","Import old LB config.","Test node failover and distribution."
ABC00129,Cloud IAM Policy Configuration Update,AWS IAM,true,Update IAM policy configurations,Modify permissions for roles/policies,"Update cloud IAM policies to ensure proper access control.","1. Backup IAM policy JSON\n2. Apply new policy\n3. Validate role access","Reapply old JSON policy.","Run IAM access simulation tests."
ABC00130,Storage Volume Configuration Update,Storage,true,Modify storage volume configuration,Increase or tune storage volume,"Adjust storage volume parameters for better performance.","1. Validate storage health\n2. Apply new settings\n3. Monitor IOPS","Revert storage config.","Run disk I/O benchmarks."
ABC00131,Application Configuration Update,Application Server,true,Update app config parameters,Modify application config files,"Update application environment configs to support new features.","1. Backup config file\n2. Apply YAML/JSON changes\n3. Restart service","Restore backup config.","Validate app functionality."
ABC00132,Middleware Configuration Update,Middleware,true,Update middleware system config,Modify WebLogic/JBoss settings,"Apply configuration changes in middleware for performance or stability.","1. Export domain config\n2. Apply new settings\n3. Restart service","Re-import domain config.","Deploy test app and validate logs."
ABC00133,Backup Schedule Configuration Update,Backup Server,true,Update backup job configuration,Modify backup policy or schedule,"Change backup job frequency and retention policy settings.","1. Backup current backup config\n2. Update job schedule\n3. Validate next run","Restore previous backup schedule.","Check backup job execution logs."
ABC00134,Monitoring Alert Configuration Update,Monitoring,true,Update monitoring alert thresholds,Modify alert triggers for CPU/memory,"Update monitoring system thresholds to reduce alert noise.","1. Edit alert rule\n2. Apply new thresholds\n3. Validate alerts","Rollback alert config.","Trigger test alerts to confirm behavior."
ABC00135,API Gateway Configuration Update,API Gateway,true,Update API gateway settings,Modify API routing or throttling config,"Update API path mapping, throttling policies or routing rules.","1. Backup gateway config\n2. Apply changes\n3. Deploy gateway","Restore old API config.","Test all API routes and performance."
ABC00136,Identity Access Configuration Update,Identity Server,true,Update access configuration,Modify authentication/authorization rules,"Update LDAP/AD/SSO configuration for access policies.","1. Backup IAM config\n2. Apply updated access rules\n3. Validate login behavior","Reapply old IAM config.","Perform login & permission tests."
ABC00137,Web Server Service Restart,Apache HTTPD,true,Restart Apache web service,Controlled restart of Apache HTTPD service,"Restart Apache service to apply configuration updates.","1. Notify stakeholders\n2. Run 'systemctl restart httpd'\n3. Monitor error_log\n4. Validate website availability","Revert config changes and restart service again.","Perform HTTP checks; validate page load and SSL handshake."
ABC00138,Application Server Restart,JBoss EAP,true,Restart JBoss application server,Restart application service to recover performance,"Controlled restart of JBoss service on application node.","1. Stop service\n2. Clear temp/cache\n3. Start service\n4. Verify deployments","Rollback configuration or redeploy last stable build.","Validate app login, workflows, logs."
ABC00139,Database Listener Restart,Oracle Listener,true,Restart Oracle Listener service,Restart listener to resolve connectivity issues,"Restart Oracle listener in a controlled manner.","1. lsnrctl stop\n2. Wait\n3. lsnrctl start\n4. Monitor listener.log","Revert listener configuration if start fails.","Connect via SQL*Plus; validate DB connections."
ABC00140,Network Service Daemon Restart,Networking Daemon,true,Restart network daemon,Restart service to resolve routing/DNS issues,"Restart network daemon with minimal packet loss.","1. systemctl restart network\n2. Validate routing\n3. Check NIC status","Reapply network config backup.","Ping gateway and DNS tests."
ABC00141,Monitoring Agent Restart,Zabbix Agent,true,Restart Zabbix monitoring agent,Restart agent to restore heartbeat,"Restart Zabbix agent for monitoring fix.","1. Stop agent\n2. Clear PID\n3. Start agent\n4. Verify server connectivity","Reinstall agent or revert config.","Validate monitoring items and triggers."
ABC00142,Backup Service Restart,Veeam Backup,true,Restart backup job engine,Restart backup service to fix stalled jobs,"Restart Veeam Backup service to recover job execution.","1. Stop Veeam service\n2. Clear locks\n3. Start service","Restore previous service state.","Run sample backup job test."
ABC00143,API Gateway Service Restart,Kong API Gateway,true,Restart API gateway service,Restart service after config update,"Restart Kong gateway to load new routes/config.","1. kong stop\n2. kong start\n3. Check admin API\n4. Validate plugins","Reapply last working config.","Test key API endpoints."
ABC00144,Security Agent Restart,Symantec Endpoint,true,Restart security agent,Restart endpoint protection agent after update,"Restart Symantec client service.","1. Stop agent service\n2. Restart\n3. Check definitions","Reinstall agent if failure.","Run malware scan test and agent heartbeat check."
ABC00145,Mail Transport Service Restart,Postfix Mail,true,Restart Postfix service,Restart mail transport agent to resolve delays,"Controlled restart of Postfix MTA.","1. systemctl restart postfix\n2. Check mailq\n3. Validate smtpd logs","Restore postfix backup config.","Send test mail and monitor logs."
ABC00146,Linux Kernel Patch Update,Linux Server,true,Apply kernel patch on Linux server,Apply scheduled kernel patching for OS hardening,"Apply the latest Linux kernel patch to fix vulnerabilities and improve stability.","1. Download kernel patch\n2. Validate compatibility\n3. Apply patch using package manager\n4. Reboot server\n5. Verify services","Rollback to previous kernel via GRUB; restore backup.","Validate kernel version, dmesg logs, and service stability."
ABC00147,Windows Security Patch Update,Windows Server,true,Deploy monthly Windows security patches,Install Windows cumulative updates,"Apply Microsoft security updates to protect against vulnerabilities.","1. Download updates\n2. Install patches via WSUS\n3. Reboot server\n4. Validate event logs","Uninstall updates or restore snapshot.","Run application checks and validate services."
ABC00148,Oracle PSU Patch Update,Oracle Database,true,Apply Oracle PSU patch,Deploy Oracle Patch Set Update,"Install Oracle PSU to fix critical vulnerabilities.","1. Stop listener & DB\n2. Apply OPatch\n3. Start DB\n4. Validate logs","Restore Oracle Home backup.","Run SQL queries, listener checks."
ABC00149,MySQL Engine Patch Update,MySQL,true,Apply MySQL patch update,Patch MySQL engine for performance/security,"Install MySQL minor version patch.","1. Stop mysqld\n2. Apply patch\n3. Start mysqld\n4. Validate replication","Reinstall old binaries.","Check replication, query execution."
ABC00150,Network Firmware Patch Update,Network Switch,true,Apply firmware patch on switch,Install network firmware patches,"Update switch firmware for security and stability.","1. Backup config\n2. Upload firmware\n3. Apply patch\n4. Reboot switch","Restore previous firmware image.","Validate port status, routing, and connectivity."
ABC00151,Middleware Patch Deployment,WebLogic,true,Apply WebLogic PSU patch,Deploy security & performance patches,"Apply WebLogic CPU/PSU patches.","1. Stop WebLogic\n2. Apply patch installer\n3. Start WebLogic\n4. Validate domain logs","Restore previous middleware folder.","Run app deployment and console login tests."
ABC00152,Cloud OS Patch Update,Cloud VM,true,Apply OS patches on cloud VM,Install cloud-managed OS patches,"Apply OS patch through cloud automation.","1. Trigger patch job\n2. Monitor patch cycle\n3. Reboot if needed","Restore snapshot.","Validate VM health & cloud monitoring."
ABC00153,Storage Controller Patch Update,Storage Array,true,Apply controller firmware patch,Upgrade storage controller firmware,"Install storage controller firmware update.","1. Failover controller\n2. Apply patch on secondary\n3. Switch back\n4. Patch primary","Revert to previous firmware image.","Test disk I/O, latency checks."
ABC00154,Security Agent Patch Update,Endpoint Security,true,Patch endpoint security agent,Install security agent patch,"Deploy endpoint security patch to all servers.","1. Validate agent version\n2. Deploy patch\n3. Restart agent\n4. Validate definitions","Reinstall previous agent package.","Run malware signature tests."
ABC00155,API Gateway Patch Update,Kong API,true,Apply gateway patch,Patch API gateway version,"Upgrade Kong gateway version to latest stable release.","1. Backup config\n2. Apply patch packages\n3. Restart Kong service\n4. Validate admin API","Restore old Kong binaries.","Run API endpoint validations."
ABC00156,Web Application Deployment,Web Application,true,Deploy new web application build,Deploy updated web build to production,"Deploy a new version of the web application using CI/CD pipeline.","1. Trigger CI/CD pipeline\n2. Validate build artifacts\n3. Deploy to web servers\n4. Clear cache\n5. Validate logs","Rollback to previous build artifact.","Perform UI tests, endpoint ping tests."
ABC00157,Backend Service Deployment,Backend API Service,true,Deploy backend microservice,Deploy updated microservice package,"Deploy microservice container/image to cluster.","1. Pull updated image\n2. Update deployment YAML\n3. Apply changes\n4. Monitor pods","Revert to previous image tag.","Run API integration tests."
ABC00158,WebLogic Application Deployment,WebLogic,true,Deploy EAR/WAR on WebLogic,Deploy updated EAR/WAR package,"Deploy application package using WebLogic Console or WLST.","1. Stop deployment target\n2. Upload EAR/WAR\n3. Activate changes\n4. Restart managed server","Redeploy previous EAR/WAR.","Validate console logs and app homepage."
ABC00159,Cloud Function Deployment,Cloud Functions,true,Deploy serverless function release,Deploy updated cloud function,"Publish updated serverless function version.","1. Upload function code\n2. Set environment variables\n3. Deploy\n4. Validate logs","Revert to previous function version.","Invoke function and validate response."
ABC00160,API Gateway Deployment,API Gateway,true,Deploy new API route/version,Deploy updated API routes and plugins,"Push new API configuration to gateway.","1. Export current config\n2. Apply new routes/plugins\n3. Restart gateway\n4. Validate mapping","Reapply previous config snapshot.","Run API route and latency tests."
ABC00161,Database Script Deployment,Database,true,Deploy DB scripts,Deploy new DDL/DML scripts,"Execute controlled DB script deployment.","1. Run prechecks\n2. Execute DDL/DML scripts\n3. Validate constraints\n4. Commit transaction","Rollback script or restore backup.","Run data integrity checks."
ABC00162,Load Balancer Config Deployment,Load Balancer,true,Deploy LB config changes,Deploy updated pool/node mapping,"Deploy LB configuration via automation.","1. Backup config\n2. Upload new LB config\n3. Apply and sync","Restore old LB config.","Validate failover and traffic routing."
ABC00163,Security Rules Deployment,WAF,true,Deploy WAF rules,Deploy updated WAF ruleset,"Push new security signatures/rules.","1. Backup rule set\n2. Deploy updated rules\n3. Validate block/allow logs","Restore previous ruleset.","Perform WAF rule hit tests."
ABC00164,Storage Provisioning Deployment,Storage,true,Deploy storage provisioning updates,Provision new storage or extend existing volumes,"Deploy storage provisioning configuration.","1. Add LUN/volume\n2. Map to host\n3. Validate connectivity","Unmap new volume or revert storage configuration.","Run read/write performance tests."
ABC00165,Container Deployment,Kubernetes,true,Deploy containerized application,Deploy new Docker image to Kubernetes,"Deploy new container version to K8s cluster.","1. Update deployment YAML\n2. Apply via kubectl\n3. Monitor rollout","Rollback with kubectl rollout undo.","Test pods, services, endpoints."
ABC00166,Cloud VM Resource Scaling,AWS EC2,true,Scale cloud compute resources,Increase or decrease EC2 instance type,"Scale EC2 instance to accommodate growing workload or optimize cost.","1. Stop instance\n2. Modify instance type\n3. Start instance\n4. Validate system health","Revert to previous instance type.","Check CPU/memory graphs; app health checks."
ABC00167,Database Connection Pool Scaling,PostgreSQL,true,Adjust DB connection pool size,Increase or reduce DB pool settings,"Update PostgreSQL connection pool parameters to optimize throughput.","1. Update pgBouncer/postgres configs\n2. Reload service\n3. Validate connections","Restore previous pool settings.","Run workload test & validate latency."
ABC00168,Kubernetes Pod Autoscaling,Kubernetes,true,Enable/adjust pod autoscaling,Configure HPA scaling thresholds,"Configure Kubernetes Horizontal Pod Autoscaler for workload.","1. Edit HPA YAML\n2. Apply config\n3. Monitor metrics","Revert to old HPA settings.","Validate pod scaling under synthetic load."
ABC00169,Load Balancer Capacity Scaling,Load Balancer,true,Scale LB node capacity,Increase LB node pool or performance thresholds,"Increase load balancer node resources or add new nodes.","1. Add nodes to pool\n2. Sync config\n3. Validate traffic flow","Remove added nodes.","Test concurrent sessions & failover."
ABC00170,Storage Volume IOPS Scaling,Storage,true,Scale storage performance,Increase IOPS tier for volume,"Modify storage tier to support higher IOPS workloads.","1. Update performance tier\n2. Apply changes\n3. Validate I/O","Revert tier change.","Run disk I/O benchmark."
ABC00171,Message Queue Partition Scaling,Apache Kafka,true,Adjust Kafka partition count,Increase partitions for higher message throughput,"Modify Kafka topic partitions for scaling.","1. Validate topic config\n2. Increase partitions via CLI\n3. Monitor rebalance","Reset to old partition config (if supported).","Test producer/consumer speed."
ABC00172,Redis Cache Memory Scaling,Redis,true,Scale Redis memory settings,Increase or decrease maxmemory settings,"Modify Redis maxmemory and eviction policies.","1. Update redis.conf\n2. Restart Redis\n3. Validate memory usage","Revert memory config.","Run cache load tests."
ABC00173,Network Throughput Scaling,Network Router,true,Scale network bandwidth capacity,Adjust routing/QoS for high traffic,"Increase router bandwidth or QoS limits.","1. Backup config\n2. Update QoS/throughput settings\n3. Apply","Restore old QoS config.","Run throughput and latency validation."
ABC00174,Application Thread Pool Scaling,Application Server,true,Scale app thread pool size,Increase thread pool for performance optimization,"Modify thread pool configuration in server.","1. Update config files\n2. Restart app server\n3. Validate logs","Reapply previous thread pool settings.","Run load test & verify thread metrics."
ABC00175,Middleware Queue Depth Scaling,WebLogic,true,Adjust JMS queue depth,Scale JMS queue capacity for buffering,"Increase JMS queue thresholds in WebLogic.","1. Update queue config\n2. Activate changes\n3. Validate server logs","Revert to previous depth value.","Test message enqueue/dequeue."
ABC00176,Linux Server Health Check,Linux,true,Perform Linux system health check,Run resource and service health validation,"Conduct CPU, memory, disk, process, and service health checks on Linux server.","1. SSH into server\n2. Run top/vmstat/iostat\n3. Validate disk usage\n4. Check systemd services\n5. Review logs","No rollback required.","Verify system resource usage and application service status."
ABC00177,Oracle Database Health Check,Oracle Database,true,Perform Oracle DB health validation,Run health check queries and diagnostics,"Execute AWR, ASH, tablespace, and listener checks.","1. Run AWR report\n2. Validate tablespaces\n3. Check DB parameters\n4. Review alert logs","Restore any changed parameters.","Run SQL queries; validate listener connectivity."
ABC00178,Network Device Health Check,Network Switch,true,Perform network device health analysis,Validate interface, routing, and performance state,"Run health checks on switch/router.","1. Check interface status\n2. Validate routing tables\n3. Monitor port errors\n4. Review syslogs","Revert configuration if modified.","Perform ping and routing tests."
ABC00179,Cloud VM Health Check,Cloud VM,true,Perform cloud instance health check,Check VM metrics and status,"Verify CPU, memory, disk, network, and cloud monitoring alerts.","1. Review cloud monitoring metrics\n2. Validate agent status\n3. Check disk and network health\n4. Review OS logs","Reapply previous VM settings if changed.","Validate cloud monitoring events."
ABC00180,Storage System Health Check,Storage Array,true,Perform storage system diagnostics,Check disk, RAID groups, controllers,"Validate storage health across RAID, controllers, and LUNs.","1. Check disk status\n2. Validate RAID group\n3. Monitor latency\n4. Review controller logs","Switch controller or restore storage snapshot.","Run storage I/O tests."
ABC00181,Application Service Health Check,Application,true,Perform application-level health validation,Check app logs, endpoints, and performance,"Validate application components and service chain.","1. Validate URL endpoints\n2. Review logs\n3. Measure response time\n4. Check backend dependencies","Roll back any service configuration changes.","Perform functional and performance tests."
ABC00182,API Gateway Health Check,API Gateway,true,Perform API health validation,Check API routes, mapping, latency,"Validate API health, routing, and latency metrics.","1. Run health endpoint\n2. Validate upstreams\n3. Check rate limits\n4. Review logs","Revert gateway mapping if updated.","Run API GET/POST tests."
ABC00183,Middleware Server Health Check,WebLogic,true,Perform middleware health verification,Check JVM, threads, datasource states,"Validate WebLogic domain health.","1. Check server state\n2. Validate JDBC pools\n3. Review threads\n4. Inspect logs","Reapply old config if modified.","Deploy test app and check logs."
ABC00184,Security Event Health Check,Security Platform,true,Perform security platform health review,Check signatures, updates, events,"Validate antivirus/firewall/SIEM health.","1. Check signature status\n2. Validate event ingestion\n3. Ensure agent connectivity","Re-sync signatures.","Trigger sample events and validate detection."
ABC00185,Monitoring System Health Check,Monitoring,true,Perform monitoring system diagnostics,Verify alert engine, data ingestion,"Check monitoring system for data accuracy and processing.","1. Validate metrics flow\n2. Check agent connectivity\n3. Review alert engine\n4. Inspect logs","Restart agent/collector if needed.","Trigger synthetic alerts to confirm behavior."
ABC00186,Firewall System Health Check,Firewall,true,Perform firewall device health review,Check firewall CPU, memory, and rule processing,"Validate firewall performance, ACL hit count, session table, and log status.","1. Check CPU/memory utilization\n2. Validate active sessions\n3. Inspect ACL rule hits\n4. Review threat logs","Reapply previous firewall configuration if modified.","Run test traffic, validate inbound/outbound rules."
ABC00187,Load Balancer Health Check,F5 Load Balancer,true,Perform LB node and pool health check,Check LB pool member status and failover readiness,"Validate LB configuration, node health, pool status and VIP reachability.","1. Review node health\n2. Validate pool member states\n3. Inspect VIP availability\n4. Review LB logs","Revert LB config snapshot if applied.","Perform failover test and traffic distribution test."
ABC00188,Message Queue Health Check,RabbitMQ,true,Perform message queue health validation,Check queue depth, consumer state, and cluster health,"Validate RabbitMQ cluster status, queue length, consumer performance, and node health.","1. Check queue sizes\n2. Validate consumer health\n3. Inspect cluster status\n4. Review logs","Restore previous queue configuration if updated.","Publish/consume test messages; validate cluster replication."
ABC00189,CI/CD Pipeline Health Check,CI/CD Platform,true,Perform CI/CD engine health validation,Check job runners, agents, and execution queues,"Validate CI/CD pipeline execution, agent availability, and job performance.","1. Validate build agents\n2. Review pipeline queue\n3. Check logs\n4. Trigger test build","Revert any pipeline config changes.","Validate test build success and job timings."
ABC00190,Virtualization Platform Health Check,VMware vCenter,true,Perform vCenter host and VM health validation,Check host performance, VM status, and datastore health,"Validate ESXi host health, VM power state, datastore capacity, and vCenter alerts.","1. Review ESXi host performance\n2. Validate VM power states\n3. Inspect datastore usage\n4. Review events/alerts","Revert changes to VM/host settings if made.","Run VM operations test (power on/off, vMotion)."
ABC00191,Router Firmware Patch Update,Network Router,true,Apply router firmware patch,Deploy latest router firmware update,"Apply critical firmware patch to improve routing stability and security.","1. Backup running config\n2. Upload new firmware\n3. Schedule maintenance window\n4. Apply firmware\n5. Reboot router","Restore previous firmware image; reload old config.","Ping test; route table validation; failover test."
ABC00192,Switch OS Patch Update,Network Switch,true,Apply switch OS update,Upgrade switch IOS/NX-OS image,"Install switch OS update to enhance performance and fix vulnerabilities.","1. Backup switch config\n2. Upload new OS image\n3. Set boot variable\n4. Reload switch","Revert to old OS image.","Validate port status, VLAN routing, STP."
ABC00193,Firewall Signature Patch Update,Firewall,true,Apply IPS/IDS signature update,Update firewall security signatures,"Apply updated threat signatures for better protection.","1. Download signature pack\n2. Apply via firewall manager\n3. Monitor CPU/memory","Revert to previous signature set.","Run test traffic and validate logs."
ABC00194,Load Balancer Policy Update,F5/HAProxy,true,Apply LB policy update,Update load balancing policy rules,"Apply updated routing/persistence profile policies.","1. Export LB config\n2. Apply updated policy\n3. Sync config","Rollback to prior policy snapshot.","Perform VIP checks, node health tests."
ABC00195,DNS Zone File Update,DNS Server,true,Update DNS zone configuration,Modify DNS A/CNAME/MX entries,"Patch DNS zone files to correct/extend domain mappings.","1. Backup zone file\n2. Apply edits\n3. Reload DNS service","Restore old zone file.","nslookup/dig tests."
ABC00196,DHCP Configuration Patch Update,DHCP Server,true,Update DHCP scope settings,Modify DHCP scope or lease policies,"Apply DHCP configuration update for better IP allocation.","1. Backup dhcpd.conf\n2. Edit scope settings\n3. Restart DHCP service","Restore previous dhcpd.conf.","Validate IP leasing with test clients."
ABC00197,VPN Gateway Patch Deployment,VPN Gateway,true,Apply VPN gateway software patch,Update VPN appliance software,"Patch VPN gateway to improve encryption & stability.","1. Download patch bundle\n2. Apply patch\n3. Restart gateway services","Restore previous VPN firmware.","Run VPN connection tests."
ABC00198,Proxy Policy Patch Update,Web Proxy,true,Update proxy content filters,Patch proxy policy rules and filters,"Apply updated URL/category filters.","1. Export proxy rules\n2. Apply updated filters\n3. Restart proxy","Rollback proxy rules.","Validate policy hits using test URLs."
ABC00199,SD-WAN Edge Patch Update,SD-WAN Appliance,true,Apply SD-WAN device patch,Deploy SD-WAN OS update,"Update SD-WAN Edge OS for improved routing.","1. Backup SD-WAN config\n2. Upload OS update\n3. Apply & reboot","Restore previous OS file.","Validate SD-WAN tunnels, performance metrics."
ABC00200,Wireless Controller Patch Update,Wireless Controller,true,Apply WLAN controller patch,Update wireless controller firmware,"Patch wireless controller to improve AP stability.","1. Backup controller config\n2. Upload firmware\n3. Reboot controller","Revert to old firmware.","Validate AP registration and client connectivity."
ABC00201,WebLogic Domain Configuration Update,WebLogic,true,Update WebLogic domain configuration,Modify WebLogic domain settings,"Apply configuration changes to WebLogic domain including JDBC pools, JVM parameters, and cluster settings.","1. Export domain config\n2. Apply updated settings via console or WLST\n3. Restart managed servers\n4. Validate domain logs","Restore previous domain configuration using backup.","Deploy test application and validate server state."
ABC00202,JBoss Application Module Deployment,JBoss,true,Deploy updated JBoss module,Deploy a new or updated JBoss application module,"Install updated JBoss module to improve performance or fix issues.","1. Upload module\n2. Execute CLI deployment commands\n3. Restart JBoss service\n4. Validate deployment","Redeploy previous module version.","Validate logs and application functionality."
ABC00203,Tomcat Connector Configuration Update,Tomcat,true,Update Tomcat connector settings,Modify HTTP/HTTPS connector configuration,"Apply modifications to server.xml for connector tuning.","1. Backup server.xml\n2. Apply connector tuning\n3. Restart Tomcat\n4. Validate logs","Restore original server.xml.","Validate port access, endpoint response times."
ABC00204,Kafka Broker Configuration Update,Apache Kafka,true,Apply Kafka broker config changes,Update Kafka server.properties file,"Apply Kafka configuration changes like retention, replication, or quotas.","1. Update server.properties\n2. Restart broker\n3. Monitor cluster health","Revert old properties file.","Run producer/consumer tests."
ABC00205,RabbitMQ Plugin Enablement,RabbitMQ,true,Enable RabbitMQ plugin,Activate and configure RabbitMQ plugin,"Enable plugin such as MQTT, Federation, or Shovel.","1. Enable plugin via CLI\n2. Restart RabbitMQ\n3. Validate logs","Disable plugin and restore old config.","Publish/consume queue messages for validation."
ABC00206,Nginx Reverse Proxy Rule Update,Nginx,true,Update Nginx reverse proxy rules,Modify proxy_pass and routing logic,"Update Nginx conf to improve routing or security.","1. Backup nginx.conf\n2. Apply new rules\n3. Reload Nginx\n4. Validate connections","Restore nginx.conf.","Check upstream routing and access logs."
ABC00207,Redis Config Parameter Update,Redis,true,Update Redis memory and persistence config,Modify Redis maxmemory or persistence settings,"Tune Redis configuration for performance.","1. Update redis.conf\n2. Restart Redis\n3. Validate memory usage","Revert config file.","Run Redis read/write and latency tests."
ABC00208,ActiveMQ Broker Health Configuration Update,ActiveMQ,true,Update ActiveMQ health configs,Modify broker health thresholds and settings,"Adjust ActiveMQ health rules and transport connectors.","1. Update activemq.xml\n2. Restart ActiveMQ service\n3. Validate logs","Restore XML config backup.","Test producer/consumer connectivity."
ABC00209,IBM MQ Channel Authentication Update,IBM MQ,true,Update MQ channel authentication rules,Modify CHLAUTH rules for MQ channels,"Apply MQ security updates to channels.","1. Backup CHLAUTH rules\n2. Apply new rules\n3. Refresh security\n4. Validate activity","Reapply backup rules.","Test queue manager connectivity."
ABC00210,Apache HTTPD Module Update,Apache HTTPD,true,Update or enable Apache module,Modify Apache module configuration,"Enable/disable Apache modules such as mod_ssl, mod_proxy.","1. Enable module\n2. Restart Apache\n3. Validate module loading","Disable module and restart.","Validate module functionality with HTTP tests."
